"角色","儿子","女儿","老公","老婆","爷爷","奶奶","外公","外婆","伯伯","婶婶","叔叔","阿姨","姑姑","姨妈","哥哥","弟弟","姐姐","妹妹","侄子","侄女","外甥","外甥女","爸爸","妈妈"
"自己","儿子","女儿","老公","老婆","爷爷","奶奶","外公","外婆","伯伯","婶婶","叔叔","阿姨","姑姑","姨妈","哥哥","弟弟","姐姐","妹妹","侄子","侄女","外甥","外甥女","爸爸","妈妈"
"爸爸","自己,哥哥,弟弟","自己,姐姐,妹妹","","妈妈","太爷爷","太奶奶","太外公","太外婆","伯公","伯婆","叔公","姨婆","姑奶奶","姨婆","伯伯","叔叔","姑姑","姑姑","堂兄弟","堂姐妹","表兄弟","表姐妹","爷爷","奶奶"
"妈妈","自己,哥哥,弟弟","自己,姐姐,妹妹","爸爸","","太爷爷","太奶奶","太外公","太外婆","舅公","舅婆","舅公","姨婆","姑奶奶","姨妈","舅舅","舅舅","姨妈","姨妈","表兄弟","表姐妹","外孙","外孙女","外公","外婆"
"老公","儿子","女儿","","自己","爷爷","奶奶","外公","外婆","大伯子","大伯嫂","小叔子","小姨子","大姑子","小姨子","大伯子","小叔子","大姑子","小姑子","侄子","侄女","外甥","外甥女","公公","婆婆"
"老婆","儿子","女儿","自己","","公公","婆婆","岳外公","岳外婆","大舅子","大舅嫂","小舅子","小姨子","大姨子","小姨子","大舅子","小舅子","大姨子","小姨子","侄子","侄女","外甥","外甥女","岳父","岳母"
"儿子","孙子","孙女","","儿媳妇","爸爸","妈妈,婆婆","爸爸","妈妈","伯伯","婶婶","叔叔","阿姨","姑姑","姨妈","哥哥","弟弟","女儿","女儿","孙子","孙女","外孙","外孙女","自己,老公","自己,老婆"
"女儿","外孙","外孙女","女婿","","爸爸,公公","妈妈,婆婆","爸爸,岳父","妈妈,岳母","伯伯","婶婶","叔叔","阿姨","姑姑","姨妈","儿子","儿子","女儿","女儿","外孙","外孙女","外孙","外孙女","自己,老公","自己,老婆"
"爷爷","爸爸","姑姑","","奶奶","高祖父","高祖母","太外公","太外婆","伯公","伯婆","叔公","姨婆","姑奶奶","姨婆","伯公","叔公","姑奶奶","姑奶奶","伯伯,叔叔","姑姑","表叔","表姑","太爷爷","太奶奶"
"奶奶","爸爸,叔叔,伯伯","姑姑","爷爷","","太外公","太外婆","太外公","太外婆","伯公","伯婆","叔公","姨婆","姑奶奶","姨婆","伯公","叔公","姑奶奶","姑奶奶","表伯,表叔","表姑","表伯,表叔","表姑","太外公","太外婆"
"外公","舅舅","妈妈,姨妈","","外婆","太外公","太外婆","太外公","太外婆","外曾伯祖父","舅婆","外曾叔祖父","姨婆","姑奶奶","姨婆","舅公","舅公","姨婆","姨婆","舅公","姨婆","表叔","表姑","太外公","太外婆"
"外婆","舅舅","妈妈,姨妈","外公","","太外公","太外婆","太外公","太外婆","舅公","舅婆","舅公","姨婆","姑奶奶","姨婆","舅公","舅公","姨婆","姨婆","舅公","姨婆","表叔","表姑","太外公","太外婆"
"公公","老公,大伯子,小叔子","大姑子","","婆婆","太爷爷","太奶奶","太外公","太外婆","伯公","伯婆","叔公","姨婆","姑奶奶","姨婆","伯公","叔公","姑奶奶","姑奶奶","伯伯,叔叔","姑姑","表叔","表姑","太爷爷","太奶奶"
"婆婆","老公,大伯子,小叔子","大姑子","公公","","太外公","太外婆","太外公","太外婆","伯公","伯婆","叔公","姨婆","姑奶奶","姨婆","伯公","叔公","姑奶奶","姑奶奶","伯伯,叔叔","姑姑","表叔","表姑","太外公","太外婆"
"岳父","大舅子","老婆","","岳母","太爷爷","太奶奶","太外公","太外婆","舅公","舅婆","舅公","姨婆","姑奶奶","姨婆","舅公","舅公","姨婆","姨婆","舅公","姨婆","表叔","表姑","太外公","太外婆"
"岳母","大舅子","老婆","岳父","","太外公","太外婆","太外公","太外婆","舅公","舅婆","舅公","姨婆","姑奶奶","姨婆","舅公","舅公","姨婆","姨婆","舅公","姨婆","表叔","表姑","太外公","太外婆"
"哥哥","侄子","侄女","","嫂子","爷爷","奶奶","外公","外婆","伯伯","婶婶","叔叔","阿姨","姑姑","姨妈","哥哥","自己,弟弟","姐姐","自己,妹妹","侄子,儿子","侄女,女儿","外甥","外甥女","爸爸","妈妈"
"弟弟","侄子","侄女","","弟媳","爷爷","奶奶","外公","外婆","伯伯","婶婶","叔叔","阿姨","姑姑","姨妈","自己,哥哥","弟弟","自己,姐姐","妹妹","侄子","侄女","外甥","外甥女","爸爸","妈妈"
"姐姐","外甥","外甥女","姐夫","","爷爷","奶奶","外公","外婆","伯伯","婶婶","叔叔","阿姨","姑姑","姨妈","哥哥","自己,弟弟","姐姐","自己,妹妹","侄子","侄女","外甥","外甥女","爸爸","妈妈"
"妹妹","外甥","外甥女","妹夫","","爸爸","妈妈","爸爸","妈妈","伯伯","婶婶","叔叔","阿姨","姑姑","姨妈","哥哥","弟弟","自己,姐姐","妹妹","侄子","侄女","外甥","外甥女","爸爸","妈妈"
"伯伯","堂兄弟","堂姐妹","","伯母","太爷爷","太奶奶","太外公","太外婆","伯公","伯婆","叔公","姨婆","姑奶奶","姨婆","伯公","叔叔","姑奶奶","姑奶奶","堂兄弟","堂姐妹","表兄弟","表姐妹","爷爷","奶奶"
"叔叔","堂兄弟","堂姐妹","","婶婶","太爷爷","太奶奶","太外公","太外婆","伯公","伯婆","叔公","姨婆","姑奶奶","姨婆","伯伯","叔公","姑奶奶","姑奶奶","堂兄弟","堂姐妹","表兄弟","表姐妹","爷爷","奶奶"
"姑姑","表兄弟","表姐妹","姑父","","太爷爷","太奶奶","太外公","太外婆","伯公","伯婆","叔公","姨婆","姑奶奶","姨婆","伯伯","叔叔","姑姑","姑姑","表兄弟","表姐妹","表兄弟","表姐妹","爷爷","奶奶"
"舅舅","表兄弟","表姐妹","","舅妈","太外公","太外婆","太外公","太外婆","舅公","舅婆","舅公","姨婆","姑奶奶","姨婆","舅舅","舅舅","姨妈,妈妈","姨妈,妈妈","表兄弟","表姐妹","表兄弟","表姐妹","外公","外婆"
"姨妈","表哥,表弟","表姐,表妹","姨父","","太外公","太外婆","太外公","太外婆","舅公","舅婆","舅公","姨婆","姑奶奶","姨婆","舅舅","舅舅","姨妈","姨妈","表兄弟","表姐妹","表兄弟","表姐妹","外公","外婆"
"侄子","堂侄","堂侄女","","侄媳妇","爷爷","奶奶","外公","外婆","自己,哥哥,弟弟","婶婶","叔叔","阿姨","姐姐,妹妹","姨妈","侄子","侄子","侄女","侄女","侄孙","侄孙女","外甥","外甥女","哥哥,弟弟","嫂子,弟媳"
"侄女","堂外甥","堂外甥女","侄女婿","","爷爷","奶奶","外公","外婆","伯伯","婶婶","叔叔","阿姨","姑姑","姨妈","侄子","侄子","侄女","侄女","侄孙","侄孙女","外甥","外甥女","哥哥,弟弟","嫂子,弟媳"
"外甥","表侄","表侄女","","外甥媳妇","爷爷","奶奶","外公","外婆","伯伯","婶婶","叔叔","阿姨","姑姑","姨妈","外甥","外甥","外甥女","外甥女","侄子","侄女","外甥","外甥女","姐姐,妹妹","姐夫,妹夫"
"外甥女","表外甥","表外甥女","外甥女婿","","爷爷","奶奶","外公","外婆","伯伯","婶婶","叔叔","阿姨","姑姑","姨妈","外甥","外甥","外甥女","外甥女","侄子","侄女","外甥","外甥女","姐姐,妹妹","姐夫,妹夫"
"阿姨","外甥","外甥女","姨父","","太爷爷","太奶奶","太外公","太外婆","舅公","舅婆","舅公","姨婆","姑奶奶","姨婆","舅舅","舅舅","阿姨","阿姨","外甥","外甥女","外甥","外甥女","外公","外婆"
"太爷爷","爷爷","姑奶奶","","太奶奶","高祖","高祖母","高祖","高祖母","太伯公","太伯婆","太叔公","太姨婆","太姑奶奶","太姨婆","太伯公","太叔公","太姑奶奶","太姑奶奶","伯公","姑奶奶","舅公","姨婆","高祖","高祖母"
"太奶奶","爷爷","姑奶奶","太爷爷","","高外祖父","高外祖母","高外祖父","高外祖母","太伯公","太伯婆","太叔公","太姨婆","太姑奶奶","太姨婆","太伯公","太叔公","太姑奶奶","太姑奶奶","伯公","姑奶奶","舅公","姨婆","高外祖父","高外祖母"
"太外公","外公","姨婆","","太外婆","高外祖父","高外祖母","高外祖父","高外祖母","太舅公","太舅婆","太舅公","太姨婆","太姨婆","太姨婆","太舅公","太舅公","太姨婆","太姨婆","舅公","姨婆","伯公","姑奶奶","高外祖父","高外祖母"
"太外婆","外公","姨婆","太外公","","高外祖父","高外祖母","高外祖父","高外祖母","太舅公","太舅婆","太舅公","太姨婆","太姨婆","太姨婆","太舅公","太舅公","太姨婆","太姨婆","舅公","姨婆","伯公","姑奶奶","高外祖父","高外祖母"
"高祖","太爷爷","太姑奶奶","","高祖母","天祖","天祖母","天祖","天祖母","高伯公","高伯婆","高叔公","高姨婆","高姑奶奶","高姨婆","高伯公","高叔公","高姑奶奶","高姑奶奶","太伯公","太姑奶奶","太舅公","太姨婆","天祖","天祖母"
"高祖母","太爷爷","太姑奶奶","高祖","","天外祖父","天外祖母","天外祖父","天外祖母","高伯公","高伯婆","高叔公","高姨婆","高姑奶奶","高姨婆","高伯公","高叔公","高姑奶奶","高姑奶奶","太伯公","太姑奶奶","太舅公","太姨婆","天外祖父","天外祖母"
"高外祖父","太外公","太姨婆","","高外祖母","天外祖父","天外祖母","天外祖父","天外祖母","高舅公","高舅婆","高舅公","高姨婆","高姨婆","高姨婆","高舅公","高舅公","高姨婆","高姨婆","太舅公","太姨婆","太伯公","太姑奶奶","天外祖父","天外祖母"
"高外祖母","太外公","太姨婆","高外祖父","","天外祖父","天外祖母","天外祖父","天外祖母","高舅公","高舅婆","高舅公","高姨婆","高姨婆","高姨婆","高舅公","高舅公","高姨婆","高姨婆","太舅公","太姨婆","太伯公","太姑奶奶","天外祖父","天外祖母"
"太伯公","伯公","姑奶奶","","太伯婆","高祖","高祖母","高外祖父","高外祖母","高祖","高祖母","高祖","高外祖母","高祖母","高外祖母","高祖","高祖","高祖母","高祖母","伯公","姑奶奶","舅公","姨婆","高祖","高祖母"
"太叔公","叔公","姑奶奶","","太叔婆","高祖","高祖母","高外祖父","高外祖母","高祖","高祖母","高祖","高外祖母","高祖母","高外祖母","高祖","高祖","高祖母","高祖母","叔公","姑奶奶","舅公","姨婆","高祖","高祖母"
"太姨婆","舅公","姨婆","","太姨婆","高外祖父","高外祖母","高外祖父","高外祖母","高外祖父","高外祖母","高外祖父","高外祖母","高外祖母","高外祖母","高外祖父","高外祖父","高外祖母","高外祖母","舅公","姨婆","伯公","姑奶奶","高外祖父","高外祖母"
"太舅公","舅公","姨婆","","太舅婆","高外祖父","高外祖母","高外祖父","高外祖母","高外祖父","高外祖母","高外祖父","高外祖母","高外祖母","高外祖母","高外祖父","高外祖父","高外祖母","高外祖母","舅公","姨婆","伯公","姑奶奶","高外祖父","高外祖母"
"太姑奶奶","伯公","姑奶奶","","太姑爷爷","高祖","高祖母","高外祖父","高外祖母","高祖","高祖母","高祖","高外祖母","高祖母","高外祖母","高祖","高祖","高祖母","高祖母","伯公","姑奶奶","舅公","姨婆","高祖","高祖母"
"伯公","堂叔","堂姑","","伯婆","太爷爷","太奶奶","太外公","太外婆","太爷爷","太奶奶","叔公","太外婆","姑奶奶","太外婆","太爷爷","叔公","姑奶奶","姑奶奶","堂兄弟","堂姐妹","表兄弟","表姐妹","太爷爷","太奶奶"
"叔公","堂叔","堂姑","","叔婆","太爷爷","太奶奶","太外公","太外婆","伯公","太奶奶","太爷爷","太外婆","姑奶奶","太外婆","伯公","太爷爷","姑奶奶","姑奶奶","堂兄弟","堂姐妹","表兄弟","表姐妹","太爷爷","太奶奶"
"舅公","表叔","表姑","","舅婆","太外公","太外婆","太外公","太外婆","太外公","太外婆","太外公","太外婆","太外婆","姨婆","太外公","太外公","姨婆","姨婆","表兄弟","表姐妹","表兄弟","表姐妹","太外公","太外婆"
"姨婆","表叔","表姑","姨公","","太外公","太外婆","太外公","太外婆","太外公","太外婆","太外公","太外婆","太外婆","太外婆","舅公","舅公","太外婆","太外婆","表兄弟","表姐妹","表兄弟","表姐妹","太外公","太外婆"
"姑奶奶","表叔","表姑","姑爷爷","","太爷爷","太奶奶","太外公","太外婆","伯公","伯婆","叔公","太外婆","太奶奶","太外婆","伯公","叔公","太奶奶","太奶奶","堂兄弟","堂姐妹","表兄弟","表姐妹","太爷爷","太奶奶"
"嫂子","侄子","侄女","哥哥","","爸爸","妈妈","爸爸","妈妈","伯伯","婶婶","叔叔","阿姨","姑姑","姨妈","哥哥","弟弟","姐姐","妹妹","侄子","侄女","外甥","外甥女","叔叔","阿姨"
"弟媳","侄子","侄女","弟弟","","爸爸","妈妈","爸爸","妈妈","伯伯","婶婶","叔叔","阿姨","姑姑","姨妈","哥哥","弟弟","姐姐","妹妹","侄子","侄女","外甥","外甥女","爸爸","妈妈"
"姐夫","外甥","外甥女","","姐姐","爸爸","妈妈","爸爸","妈妈","伯伯","婶婶","叔叔","阿姨","姑姑","姨妈","哥哥","弟弟","姐姐","妹妹","侄子","侄女","外甥","外甥女","爸爸","妈妈"
"妹夫","外甥","外甥女","","妹妹","爸爸","妈妈","爸爸","妈妈","伯伯","婶婶","叔叔","阿姨","姑姑","姨妈","哥哥","弟弟","姐姐","妹妹","侄子","侄女","外甥","外甥女","爸爸","妈妈"
"伯母","堂兄弟","堂姐妹","伯伯","","太爷爷","太奶奶","太外公","太外婆","伯公","太奶奶","叔公","太外婆","姑奶奶","太外婆","堂叔","堂叔","堂姑","堂姑","堂兄弟","堂姐妹","表兄弟","表姐妹","太爷爷","太奶奶"
"婶婶","堂兄弟","堂姐妹","叔叔","","太爷爷","太奶奶","太外公","太外婆","伯公","太奶奶","叔公","太外婆","姑奶奶","太外婆","堂叔","堂叔","堂姑","堂姑","堂兄弟","堂姐妹","表兄弟","表姐妹","太爷爷","太奶奶"
"舅妈","表兄弟","表姐妹","舅舅","","太外公","太外婆","太外公","太外婆","舅公","太外婆","舅公","太外婆","太外婆","姨婆","表叔","表叔","表姑","表姑","表兄弟","表姐妹","表兄弟","表姐妹","太外公","太外婆"
"姑父","表兄弟","表姐妹","","姑姑","太爷爷","太奶奶","太外公","太外婆","伯公","伯婆","叔公","太外婆","姑奶奶","太外婆","伯公","叔公","姑奶奶","姑奶奶","表兄弟","表姐妹","表兄弟","表姐妹","太爷爷","太奶奶"
"姨父","表兄弟","表姐妹","","姨妈","太外公","太外婆","太外公","太外婆","舅公","太外婆","舅公","太外婆","太外婆","姨婆","舅公","舅公","姨婆","姨婆","表兄弟","表姐妹","表兄弟","表姐妹","太外公","太外婆"
"儿媳妇","孙子","孙女","儿子","","爸爸","妈妈","爸爸","妈妈","伯伯","婶婶","叔叔","阿姨","姑姑","姨妈","儿子","儿子","女儿","女儿","侄子","侄女","外甥","外甥女","亲家公","亲家母"
"女婿","外孙","外孙女","","女儿","爸爸","妈妈","爸爸","妈妈","伯伯","婶婶","叔叔","阿姨","姑姑","姨妈","儿子","儿子","女儿","女儿","侄子","侄女","外甥","外甥女","亲家公","亲家母"
"孙子","曾孙","曾孙女","","孙媳妇","老公,自己","老婆,自己","老公","老婆,自己","儿子","儿媳妇","儿子","儿媳妇","女儿","女儿","孙子","孙子","孙女","孙女","曾孙","曾孙女","曾外孙","曾外孙女","儿子","儿媳妇"
"孙女","曾外孙","曾外孙女","孙女婿","","老公,自己","老婆,自己","亲家公","亲家母","儿子","儿媳妇","儿子","儿媳妇","女儿","女儿","孙子","孙子","孙女","孙女","曾外孙","曾外孙女","曾外孙","曾外孙女","儿子","儿媳妇"
"外孙","曾外孙","曾外孙女","","外孙媳妇","亲家公","亲家母","老公,自己","老婆,自己","舅舅","舅妈","舅舅","女儿","姨妈","姨妈","外孙","外孙","外孙女","外孙女","曾外孙","曾外孙女","曾外孙","曾外孙女","女婿","女儿"
"外孙女","曾外孙","曾外孙女","外孙女婿","","亲家公","亲家母","老公,自己","老婆,自己","舅舅","舅妈","舅舅","女儿","姨妈","姨妈","外孙","外孙","外孙女","外孙女","曾外孙","曾外孙女","曾外孙","曾外孙女","女婿","女儿"
"堂兄弟","堂侄","堂侄女","","堂嫂","爷爷","奶奶","外公","外婆","伯伯","婶婶","叔叔","阿姨","姑姑","姨妈","哥哥","堂兄弟","堂姐妹","堂姐妹","堂孙","堂孙女","堂外孙","堂外孙女","伯伯","伯母"
"堂姐妹","堂外甥","堂外甥女","堂姐夫","","爷爷","奶奶","外公","外婆","伯伯","婶婶","叔叔","阿姨","姑姑","姨妈","堂兄弟","堂兄弟","姐姐","堂姐妹","堂外曾孙","堂外曾孙女","堂外曾孙","堂外曾孙女","伯伯","伯母"
"表兄弟","表侄","表侄女","","表嫂","外公","外婆","外公","外婆","舅舅","舅妈","舅舅","阿姨","姨妈","姨妈","哥哥","表兄弟","表姐妹","表姐妹","表孙","表孙女","表外孙","表外孙女","舅舅","舅妈"
"表姐妹","表外甥","表外甥女","表姐夫","","外公","外婆","外公","外婆","舅舅","舅妈","舅舅","阿姨","姨妈","姨妈","表兄弟","表兄弟","姐姐","表姐妹","表外曾孙","表外曾孙女","表外曾孙","表外曾孙女","舅舅","舅妈"
"堂侄","堂孙","堂孙女","","堂侄媳妇","伯伯,叔叔","婶婶,阿姨","外公","外婆","伯伯","婶婶","叔叔","阿姨","姑姑","姨妈","堂侄","堂侄","堂侄女","堂侄女","堂曾孙","堂曾孙女","堂外曾孙","堂外曾孙女","堂兄弟","堂嫂"
"堂侄女","堂外孙","堂外孙女","堂侄女婿","","伯伯,叔叔","婶婶,阿姨","外公","外婆","伯伯","婶婶","叔叔","阿姨","姑姑","姨妈","堂侄","堂侄","堂侄女","堂侄女","堂外曾孙","堂外曾孙女","堂外曾孙","堂外曾孙女","堂兄弟","堂嫂"
"表侄","表孙","表孙女","","表侄媳妇","外公","外婆","外公","外婆","舅舅","舅妈","舅舅","阿姨","姨妈","姨妈","表侄","表侄","表侄女","表侄女","表曾孙","表曾孙女","表外曾孙","表外曾孙女","表兄弟","表嫂"
"表侄女","表外孙","表外孙女","表侄女婿","","外公","外婆","外公","外婆","舅舅","舅妈","舅舅","阿姨","姨妈","姨妈","表侄","表侄","表侄女","表侄女","表外曾孙","表外曾孙女","表外曾孙","表外曾孙女","表兄弟","表嫂"
"堂外甥","堂外孙","堂外孙女","","堂外甥媳妇","爷爷","奶奶","外公","外婆","伯伯","婶婶","叔叔","阿姨","姑姑","姨妈","堂外甥","堂外甥","堂外甥女","堂外甥女","侄子","侄女","外甥","外甥女","堂姐夫","堂姐妹"
"堂外甥女","堂外曾孙","堂外曾孙女","堂外甥女婿","","爷爷","奶奶","外公","外婆","伯伯","婶婶","叔叔","阿姨","姑姑","姨妈","堂外甥","堂外甥","堂外甥女","堂外甥女","侄子","侄女","外甥","外甥女","堂兄弟","堂嫂"
"表外甥","表外孙","表外孙女","","表外甥媳妇","外公","外婆","外公","外婆","舅舅","舅妈","舅舅","阿姨","姨妈","姨妈","表外甥","表外甥","表外甥女","表外甥女","侄子","侄女","外甥","外甥女","表姐妹","表姐夫"
"表外甥女","表外曾孙","表外曾孙女","表外甥女婿","","外公","外婆","外公","外婆","舅舅","舅妈","舅舅","阿姨","姨妈","姨妈","表外甥","表外甥","表外甥女","表外甥女","侄子","侄女","外甥","外甥女","表兄弟","表嫂"
"堂叔","堂侄","堂侄女","","堂婶","爷爷","奶奶","外公","外婆","伯伯","婶婶","叔叔","阿姨","姑姑","姨妈","堂叔","堂叔","堂姑","堂姑","堂侄","堂侄女","表侄","表侄女","伯公","伯婆"
"堂姑","表侄","表侄女","堂姑父","","爷爷","奶奶","外公","外婆","伯伯","婶婶","叔叔","阿姨","姑姑","姨妈","堂叔","堂叔","堂姑","堂姑","表侄","表侄女","表侄","表侄女","伯公","伯婆"
"表叔","表侄","表侄女","","表婶","外公","外婆","外公","外婆","舅舅","舅妈","舅舅","阿姨","姨妈","姨妈","表叔","表叔","表姑","表姑","表侄","表侄女","表侄","表侄女","舅公","舅婆"
"表姑","表侄","表侄女","表姑父","","外公","外婆","外公","外婆","舅舅","舅妈","舅舅","阿姨","姨妈","姨妈","表叔","表叔","表姑","表姑","表侄","表侄女","表侄","表侄女","舅公","舅婆"
"伯婆","堂叔","堂姑","伯公","","太爷爷","太奶奶","太外公","太外婆","伯公","太奶奶","叔公","太外婆","姑奶奶","太外婆","伯公","伯公","伯婆","叔婆","堂兄弟","堂姐妹","表兄弟","表姐妹","太爷爷","太奶奶"
"叔婆","堂叔","堂姑","叔公","","太爷爷","太奶奶","太外公","太外婆","伯公","太奶奶","叔公","太外婆","姑奶奶","太外婆","叔公","叔公","伯婆","叔婆","堂兄弟","堂姐妹","表兄弟","表姐妹","太爷爷","太奶奶"
"舅婆","表叔","表姑","舅公","","太外公","太外婆","太外公","太外婆","舅公","舅婆","舅公","姨婆","姨婆","姨婆","舅公","舅公","姨婆","姨婆","表兄弟","表姐妹","表兄弟","表姐妹","太外公","太外婆"
"姨公","表叔","表姑","","姨婆","太外公","太外婆","太外公","太外婆","舅公","太外婆","舅公","太外婆","太外婆","姨婆","舅公","舅公","姨婆","姨婆","表兄弟","表姐妹","表兄弟","表姐妹","太外公","太外婆"
"姑爷爷","表叔","表姑","","姑奶奶","太爷爷","太奶奶","太外公","太外婆","伯公","伯婆","叔公","姨婆","姑奶奶","姨婆","伯公","叔公","姑奶奶","姑奶奶","表兄弟","表姐妹","表兄弟","表姐妹","太爷爷","太奶奶"
"堂嫂","堂侄","堂侄女","堂兄弟","","爷爷","奶奶","外公","外婆","伯伯","婶婶","叔叔","阿姨","姑姑","姨妈","堂兄弟","堂兄弟","堂姐妹","堂姐妹","堂侄","堂侄女","表侄","表侄女","亲家公","亲家母"
"堂姐夫","堂外甥","堂外甥女","","堂姐妹","爷爷","奶奶","外公","外婆","伯伯","婶婶","叔叔","阿姨","姑姑","姨妈","堂兄弟","堂兄弟","堂姐妹","堂姐妹","堂外甥","堂外甥女","表外甥","表外甥女","爸爸","妈妈"
"表嫂","表侄","表侄女","表兄弟","","外公","外婆","外公","外婆","舅舅","舅妈","舅舅","阿姨","姨妈","姨妈","表兄弟","表兄弟","表姐妹","表姐妹","表侄","表侄女","表侄","表侄女","爸爸","妈妈"
"表姐夫","表外甥","表外甥女","","表姐妹","外公","外婆","外公","外婆","舅舅","舅妈","舅舅","阿姨","姨妈","姨妈","表兄弟","表兄弟","表姐妹","表姐妹","表外甥","表外甥女","表外甥","表外甥女","爸爸","妈妈"
"堂侄媳妇","堂孙","堂孙女","堂侄","","爷爷","奶奶","外公","外婆","伯伯","婶婶","叔叔","阿姨","姑姑","姨妈","堂侄","堂侄","堂侄女","堂侄女","侄子","侄女","外甥","外甥女","爸爸","妈妈"
"堂侄女婿","堂外孙","堂外孙女","","堂侄女","爷爷","奶奶","外公","外婆","伯伯","婶婶","叔叔","阿姨","姑姑","姨妈","堂侄","堂侄","堂侄女","堂侄女","堂外曾孙","堂外曾孙女","堂外曾孙","堂外曾孙女","爸爸","妈妈"
"表侄媳妇","表孙","表孙女","表侄","","外公","外婆","外公","外婆","舅舅","舅妈","舅舅","阿姨","姨妈","姨妈","表侄","表侄","表侄女","表侄女","表外曾孙","表外曾孙女","表外曾孙","表外曾孙女","爸爸","妈妈"
"表侄女婿","表外曾孙","表外曾孙女","","表侄女","外公","外婆","外公","外婆","舅舅","舅妈","舅舅","阿姨","姨妈","姨妈","表侄","表侄","表侄女","表侄女","表外曾孙","表外曾孙女","表外曾孙","表外曾孙女","爸爸","妈妈"
"堂外甥媳妇","堂外曾孙","堂外曾孙女","堂外甥","","爷爷","奶奶","外公","外婆","伯伯","婶婶","叔叔","阿姨","姑姑","姨妈","堂外甥","堂外甥","堂外甥女","堂外甥女","堂外曾孙","堂外曾孙女","堂外曾孙","堂外曾孙女","亲家公","亲家母"
"堂外甥女婿","堂外曾孙","堂外曾孙女","","堂外甥女","爷爷","奶奶","外公","外婆","伯伯","婶婶","叔叔","阿姨","姑姑","姨妈","堂外甥","堂外甥","堂外甥女","堂外甥女","堂外曾孙","堂外曾孙女","堂外曾孙","堂外曾孙女","亲家公","亲家母"
"表外甥媳妇","表外曾孙","表外曾孙女","表外甥","","外公","外婆","外公","外婆","舅舅","舅妈","舅舅","阿姨","姨妈","姨妈","表外甥","表外甥","表外甥女","表外甥女","表外曾孙","表外曾孙女","表外曾孙","表外曾孙女","爸爸","妈妈"
"表外甥女婿","表外曾孙","表外曾孙女","","表外甥女","外公","外婆","外公","外婆","舅舅","舅妈","舅舅","阿姨","姨妈","姨妈","表外甥","表外甥","表外甥女","表外甥女","表外曾孙","表外曾孙女","表外曾孙","表外曾孙女","爸爸","妈妈"